{
  "items": [
    {
      "_id": "MP530rndMag",
      "_tpl": "5926c3b286f774640d189b6b",
      "parentId": "hideout",
      "slotId": "hideout",
      "upd": {
        "StackObjectsCount": 300,
        "UnlimitedCount": true,
        "BuyRestrictionMax": 29,
        "BuyRestrictionCurrent": 0
      }
    },
    {
      "_id": "IFAKKit",
      "_tpl": "590c678286f77426c9660122",
      "parentId": "hideout",
      "slotId": "hideout",
      "upd": {
        "StackObjectsCount": 300,
        "UnlimitedCount": true,
        "BuyRestrictionMax": 10,
        "BuyRestrictionCurrent": 0
      }
    },
    {
      "_id": "SalewaKit",
      "_tpl": "544fb45d4bdc2dee738b4568",
      "parentId": "hideout",
      "slotId": "hideout",
      "upd": {
        "StackObjectsCount": 300,
        "UnlimitedCount": true,
        "BuyRestrictionMax": 7,
        "BuyRestrictionCurrent": 0
      }
    },
    {
      "_id": "ZagustinHemostatInj",
      "_tpl": "5c0e533786f7747fa23f4d47",
      "parentId": "hideout",
      "slotId": "hideout",
      "upd": {
        "StackObjectsCount": 300,
        "UnlimitedCount": true,
        "BuyRestrictionMax": 5,
        "BuyRestrictionCurrent": 0
      }
    },
    {
      "_id": "PropitalInj",
      "_tpl": "5c0e530286f7747fa1419862",
      "parentId": "hideout",
      "slotId": "hideout",
      "upd": {
        "StackObjectsCount": 300,
        "UnlimitedCount": true,
        "BuyRestrictionMax": 5,
        "BuyRestrictionCurrent": 0
      }
    },
    {
      "_id": "DAThunderboltRIg",
      "_tpl": "5f5f41f56760b4138443b352",
      "parentId": "hideout",
      "slotId": "hideout",
      "upd": {
        "StackObjectsCount": 300,
        "UnlimitedCount": true,
        "BuyRestrictionMax": 10,
        "BuyRestrictionCurrent": 0
      }
    },
    {
      "_id": "ANAAlpha0Chest",
      "_tpl": "592c2d1a86f7746dbe2af32a",
      "parentId": "hideout",
      "slotId": "hideout",
      "upd": {
        "StackObjectsCount": 300,
        "UnlimitedCount": true,
        "BuyRestrictionMax": 5,
        "BuyRestrictionCurrent": 0
      }
    },
    {
      "_id": "LBTMASGrey",
      "_tpl": "5e9db13186f7742f845ee9d3",
      "parentId": "hideout",
      "slotId": "hideout",
      "upd": {
        "StackObjectsCount": 300,
        "UnlimitedCount": true,
        "BuyRestrictionMax": 5,
        "BuyRestrictionCurrent": 0
      }
    },
    {
      "_id": "RazorHeadset",
      "_tpl": "5e4d34ca86f774264f758330",
      "parentId": "hideout",
      "slotId": "hideout",
      "upd": {
        "StackObjectsCount": 300,
        "UnlimitedCount": true,
        "BuyRestrictionMax": 10,
        "BuyRestrictionCurrent": 0
      }
    },
    {
      "_id": "AnalginPainKillas",
      "_tpl": "544fb37f4bdc2dee738b4567",
      "parentId": "hideout",
      "slotId": "hideout",
      "upd": {
        "StackObjectsCount": 300,
        "UnlimitedCount": true,
        "BuyRestrictionMax": 10,
        "BuyRestrictionCurrent": 0
      }
    },
    {
      "_id": "GrizzlyKit",
      "_tpl": "590c657e86f77412b013051d",
      "parentId": "hideout",
      "slotId": "hideout",
      "upd": {
        "StackObjectsCount": 300,
        "UnlimitedCount": true,
        "BuyRestrictionMax": 5,
        "BuyRestrictionCurrent": 0
      }
    },
    {
      "_id": "AluminiumSplint",
      "_tpl": "5af0454c86f7746bf20992e8",
      "parentId": "hideout",
      "slotId": "hideout",
      "upd": {
        "StackObjectsCount": 300,
        "UnlimitedCount": true,
        "BuyRestrictionMax": 5,
        "BuyRestrictionCurrent": 0
      }
    },
    {
      "_id": "CalokB",
      "_tpl": "5e8488fa988a8701445df1e4",
      "parentId": "hideout",
      "slotId": "hideout",
      "upd": {
        "StackObjectsCount": 300,
        "UnlimitedCount": true,
        "BuyRestrictionMax": 5,
        "BuyRestrictionCurrent": 0
      }
    },
    {
      "_id": "ArmyBandage2pcs",
      "_tpl": "5751a25924597722c463c472",
      "parentId": "hideout",
      "slotId": "hideout",
      "upd": {
        "StackObjectsCount": 300,
        "UnlimitedCount": true,
        "BuyRestrictionMax": 5,
        "BuyRestrictionCurrent": 0
      }
    },
    {
      "_id": "BlueFuel",
      "_tpl": "5d1b371186f774253763a656",
      "parentId": "hideout",
      "slotId": "hideout",
      "upd": {
        "StackObjectsCount": 300,
        "UnlimitedCount": true,
        "BuyRestrictionMax": 2,
        "BuyRestrictionCurrent": 0
      }
    },
    {
      "_id": "GreyFuel",
      "_tpl": "5d1b36a186f7742523398433",
      "parentId": "hideout",
      "slotId": "hideout",
      "upd": {
        "StackObjectsCount": 150,
        "UnlimitedCount": true,
        "BuyRestrictionMax": 1,
        "BuyRestrictionCurrent": 0
      }
    },
    {
      "_id": "CMSSurgicalKit",
      "_tpl": "5d02778e86f774203e7dedbe",
      "parentId": "hideout",
      "slotId": "hideout",
      "upd": {
        "StackObjectsCount": 300,
        "UnlimitedCount": true,
        "BuyRestrictionMax": 5,
        "BuyRestrictionCurrent": 0
      }
    },
    {
      "_id": "SURVIVAL12Kit",
      "_tpl": "5d02797c86f774203f38e30a",
      "parentId": "hideout",
      "slotId": "hideout",
      "upd": {
        "StackObjectsCount": 300,
        "UnlimitedCount": true,
        "BuyRestrictionMax": 5,
        "BuyRestrictionCurrent": 0
      }
    },
    {
      "_id": "Vaseline",
      "_tpl": "5755383e24597772cb798966",
      "parentId": "hideout",
      "slotId": "hideout",
      "upd": {
        "StackObjectsCount": 300,
        "UnlimitedCount": true,
        "BuyRestrictionMax": 5,
        "BuyRestrictionCurrent": 0
      }
    },
    {
      "_id": "TacticalSports",
      "_tpl": "5c165d832e2216398b5a7e36",
      "parentId": "hideout",
      "slotId": "hideout",
      "upd": {
        "StackObjectsCount": 300,
        "UnlimitedCount": true,
        "BuyRestrictionMax": 10,
        "BuyRestrictionCurrent": 0
      }
    },
    {
      "_id": "SordinHeadset",
      "_tpl": "5aa2ba71e5b5b000137b758f",
      "parentId": "hideout",
      "slotId": "hideout",
      "upd": {
        "StackObjectsCount": 300,
        "UnlimitedCount": true,
        "BuyRestrictionMax": 10,
        "BuyRestrictionCurrent": 0
      }
    },
    {
      "_id": "GearcraftAtacsfgrig",
      "_tpl": "5fd4c60f875c30179f5d04c2",
      "parentId": "hideout",
      "slotId": "hideout",
      "upd": {
        "StackObjectsCount": 300,
        "UnlimitedCount": true,
        "BuyRestrictionMax": 10,
        "BuyRestrictionCurrent": 0
      }
    },
    {
      "_id": "AFAKkit",
      "_tpl": "60098ad7c2240c0fe85c570a",
      "parentId": "hideout",
      "slotId": "hideout",
      "upd": {
        "StackObjectsCount": 300,
        "UnlimitedCount": true,
        "BuyRestrictionMax": 10,
        "BuyRestrictionCurrent": 0
      }
    },
    {
      "_id": "MPPVChestRig",
      "_tpl": "5df8a42886f77412640e2e75",
      "parentId": "hideout",
      "slotId": "hideout",
      "upd": {
        "StackObjectsCount": 300,
        "UnlimitedCount": true,
        "BuyRestrictionMax": 10,
        "BuyRestrictionCurrent": 0
      }
    },
    {
      "_id": "MOMEXBalaclava",
      "_tpl": "5b432f3d5acfc4704b4a1dfb",
      "parentId": "hideout",
      "slotId": "hideout",
      "upd": {
        "StackObjectsCount": 300,
        "UnlimitedCount": true,
        "BuyRestrictionMax": 10,
        "BuyRestrictionCurrent": 0
      }
    },
    {
      "_id": "NPPKiassCondor",
      "_tpl": "603409c80ca681766b6a0fb2",
      "parentId": "hideout",
      "slotId": "hideout",
      "upd": {
        "StackObjectsCount": 300,
        "UnlimitedCount": true,
        "BuyRestrictionMax": 10,
        "BuyRestrictionCurrent": 0
      }
    },
    {
      "_id": "Iskra",
      "_tpl": "590c5d4b86f774784e1b9c45",
      "parentId": "hideout",
      "slotId": "hideout",
      "upd": {
        "StackObjectsCount": 300,
        "UnlimitedCount": true,
        "BuyRestrictionMax": 10,
        "BuyRestrictionCurrent": 0
      }
    },
    {
      "_id": "BerkutBP",
      "_tpl": "5ca20d5986f774331e7c9602",
      "parentId": "hideout",
      "slotId": "hideout",
      "upd": {
        "StackObjectsCount": 300,
        "UnlimitedCount": true,
        "BuyRestrictionMax": 10,
        "BuyRestrictionCurrent": 0
      }
    },
    {
      "_id": "Water06L",
      "_tpl": "5448fee04bdc2dbc018b4567",
      "parentId": "hideout",
      "slotId": "hideout",
      "upd": {
        "StackObjectsCount": 300,
        "UnlimitedCount": true,
        "BuyRestrictionMax": 10,
        "BuyRestrictionCurrent": 0
      }
    },
    {
      "_id": "MP930rnd",
      "_tpl": "5de8eac42a78646d96665d91",
      "parentId": "hideout",
      "slotId": "hideout",
      "upd": {
        "StackObjectsCount": 300,
        "UnlimitedCount": true,
        "BuyRestrictionMax": 29,
        "BuyRestrictionCurrent": 0
      }
    },
    {
      "_id": "SR2M30RndMag",
      "_tpl": "62e153bcdb1a5c41971c1b5b",
      "parentId": "hideout",
      "slotId": "hideout",
      "upd": {
        "StackObjectsCount": 300,
        "UnlimitedCount": true,
        "BuyRestrictionMax": 29,
        "BuyRestrictionCurrent": 0
      }
    },
    {
      "_id": "Stanag30rndFDEW",
      "_tpl": "5d1340cad7ad1a0b0b249869",
      "parentId": "hideout",
      "slotId": "hideout",
      "upd": {
        "StackObjectsCount": 300,
        "UnlimitedCount": true,
        "BuyRestrictionMax": 15,
        "BuyRestrictionCurrent": 0
      }
    },
    {
      "_id": "SVDS10rndMag",
      "_tpl": "5c471c442e221602b542a6f8",
      "parentId": "hideout",
      "slotId": "hideout",
      "upd": {
        "StackObjectsCount": 300,
        "UnlimitedCount": true,
        "BuyRestrictionMax": 15,
        "BuyRestrictionCurrent": 0
      }
    },
    {
      "_id": "M700Mag10RndPM",
      "_tpl": "5d25a7b88abbc3054f3e60bc",
      "parentId": "hideout",
      "slotId": "hideout",
      "upd": {
        "StackObjectsCount": 300,
        "UnlimitedCount": true,
        "BuyRestrictionMax": 15,
        "BuyRestrictionCurrent": 0
      }
    },
    {
      "_id": "Stanag30rndBlk",
      "_tpl": "5aaa5dfee5b5b000140293d3",
      "parentId": "hideout",
      "slotId": "hideout",
      "upd": {
        "StackObjectsCount": 300,
        "UnlimitedCount": true,
        "BuyRestrictionMax": 15,
        "BuyRestrictionCurrent": 0
      }
    },
    {
      "_id": "Vityaz30RndMag",
      "_tpl": "599860ac86f77436b225ed1a",
      "parentId": "hideout",
      "slotId": "hideout",
      "upd": {
        "StackObjectsCount": 300,
        "UnlimitedCount": true,
        "BuyRestrictionMax": 29,
        "BuyRestrictionCurrent": 0
      }
    },
    {
      "_id": "SKS20RndMag",
      "_tpl": "587df583245977373c4f1129",
      "parentId": "hideout",
      "slotId": "hideout",
      "upd": {
        "StackObjectsCount": 300,
        "UnlimitedCount": true,
        "BuyRestrictionMax": 15,
        "BuyRestrictionCurrent": 0
      }
    },
    {
      "_id": "AK7430rndPmag",
      "_tpl": "5aaa4194e5b5b055d06310a5",
      "parentId": "hideout",
      "slotId": "hideout",
      "upd": {
        "StackObjectsCount": 300,
        "UnlimitedCount": true,
        "BuyRestrictionMax": 15,
        "BuyRestrictionCurrent": 0
      }
    },
    {
      "_id": "9x21GPS",
      "_tpl": "5a269f97c4a282000b151807",
      "parentId": "hideout",
      "slotId": "hideout",
      "upd": {
        "StackObjectsCount": 999999999,
        "UnlimitedCount": true,
        "BuyRestrictionMax": 550,
        "BuyRestrictionCurrent": 0
      }
    },
    {
      "_id": "545x39PPgs",
      "_tpl": "56dff2ced2720bb4668b4567",
      "parentId": "hideout",
      "slotId": "hideout",
      "upd": {
        "StackObjectsCount": 999999999,
        "UnlimitedCount": true,
        "BuyRestrictionMax": 500,
        "BuyRestrictionCurrent": 0
      }
    },
    {
      "_id": "Pst",
      "_tpl": "56d59d3ad2720bdb418b4577",
      "parentId": "hideout",
      "slotId": "hideout",
      "upd": {
        "StackObjectsCount": 999999999,
        "UnlimitedCount": true,
        "BuyRestrictionMax": 500,
        "BuyRestrictionCurrent": 0
      }
    },
    {
      "_id": "762x54Fmj",
      "_tpl": "64b8f7968532cf95ee0a0dbf",
      "parentId": "hideout",
      "slotId": "hideout",
      "upd": {
        "StackObjectsCount": 999999999,
        "UnlimitedCount": true,
        "BuyRestrictionMax": 450,
        "BuyRestrictionCurrent": 0
      }
    },
    {
      "_id": "762x51FMJ",
      "_tpl": "5e023e53d4353e3302577c4c",
      "parentId": "hideout",
      "slotId": "hideout",
      "upd": {
        "StackObjectsCount": 999999999,
        "UnlimitedCount": true,
        "BuyRestrictionMax": 500,
        "BuyRestrictionCurrent": 0
      }
    },
    {
      "_id": "SOSTMK318",
      "_tpl": "60194943740c5d77f6705eea",
      "parentId": "hideout",
      "slotId": "hideout",
      "upd": {
        "StackObjectsCount": 999999999,
        "UnlimitedCount": true,
        "BuyRestrictionMax": 450,
        "BuyRestrictionCurrent": 0
      }
    },
    {
      "_id": "M855",
      "_tpl": "54527a984bdc2d4e668b4567",
      "parentId": "hideout",
      "slotId": "hideout",
      "upd": {
        "StackObjectsCount": 999999999,
        "UnlimitedCount": true,
        "BuyRestrictionMax": 500,
        "BuyRestrictionCurrent": 0
      }
    },
    {
      "_id": "762x39psghz",
      "_tpl": "5656d7c34bdc2d9d198b4587",
      "parentId": "hideout",
      "slotId": "hideout",
      "upd": {
        "StackObjectsCount": 999999999,
        "UnlimitedCount": true,
        "BuyRestrictionMax": 350,
        "BuyRestrictionCurrent": 0
      }
    },
    {
      "_id": "762x39fmj",
      "_tpl": "64b7af5a8532cf95ee0a0dbd",
      "parentId": "hideout",
      "slotId": "hideout",
      "upd": {
        "StackObjectsCount": 999999999,
        "UnlimitedCount": true,
        "BuyRestrictionMax": 350,
        "BuyRestrictionCurrent": 0
      }
    },
    {
      "_id": "8mmBuckshot",
      "_tpl": "5d6e6806a4b936088465b17e",
      "parentId": "hideout",
      "slotId": "hideout",
      "upd": {
        "StackObjectsCount": 999999999,
        "UnlimitedCount": true,
        "BuyRestrictionMax": 150,
        "BuyRestrictionCurrent": 0
      }
    },
    {
      "_id": "RatnikB47",
      "_tpl": "5a7c4850e899ef00150be885",
      "parentId": "hideout",
      "slotId": "hideout",
      "upd": {
        "StackObjectsCount": 300,
        "UnlimitedCount": false,
        "BuyRestrictionMax": 10,
        "BuyRestrictionCurrent": 0
      }
    },
    {
      "_id": "RatnikB47_Top",
      "_tpl": "657baaf0b7e9ca9a02045c02",
      "parentId": "RatnikB47",
      "slotId": "Helmet_top"
    },
    {
      "_id": "RatnikB47_Ears",
      "_tpl": "657babc6f58ba5a6250107a2",
      "parentId": "RatnikB47",
      "slotId": "Helmet_ears"
    },
    {
      "_id": "RatnikB47_Nape",
      "_tpl": "657bab6ec6f689d3a205b85f",
      "parentId": "RatnikB47",
      "slotId": "Helmet_back"
    },
    {
      "_id": "LShZHelmet",
      "_tpl": "5b432d215acfc4771e1c6624",
      "parentId": "hideout",
      "slotId": "hideout",
      "upd": {
        "StackObjectsCount": 300,
        "UnlimitedCount": false,
        "BuyRestrictionMax": 10,
        "BuyRestrictionCurrent": 0
      }
    },
    {
      "_id": "LShZHelmet_Top",
      "_tpl": "657bb92fa1c61ee0c303631f",
      "parentId": "LShZHelmet",
      "slotId": "Helmet_top"
    },
    {
      "_id": "LShZHelmet_Back",
      "_tpl": "657bb99db30eca976305117f",
      "parentId": "LShZHelmet",
      "slotId": "Helmet_back"
    },
    {
      "_id": "HighcomTrooperUSEC",
      "_tpl": "5c0e655586f774045612eeb2",
      "parentId": "hideout",
      "slotId": "hideout",
      "upd": {
        "StackObjectsCount": 300,
        "UnlimitedCount": false,
        "BuyRestrictionMax": 5,
        "BuyRestrictionCurrent": 0
      }
    },
    {
      "_id": "HighcomTrooperUSEC_ChestSPA",
      "_tpl": "6570e025615f54368b04fcb0",
      "parentId": "HighcomTrooperUSEC",
      "slotId": "Soft_armor_front"
    },
    {
      "_id": "HighcomTrooperUSEC_BackSPA",
      "_tpl": "6570e0610b57c03ec90b96ef",
      "parentId": "HighcomTrooperUSEC",
      "slotId": "Soft_armor_back"
    },
    {
      "_id": "HighcomTrooperUSEC_BackPlat",
      "_tpl": "656fad8c498d1b7e3e071da0",
      "parentId": "HighcomTrooperUSEC",
      "slotId": "Back_plate"
    },
    {
      "_id": "HighcomTrooperUSEC_FrontPlat",
      "_tpl": "656fad8c498d1b7e3e071da0",
      "parentId": "HighcomTrooperUSEC",
      "slotId": "Front_plate"
    },
    {
      "_id": "6B13FlorosEdition",
      "_tpl": "5c0e51be86f774598e797894",
      "parentId": "hideout",
      "slotId": "hideout",
      "upd": {
        "StackObjectsCount": 300,
        "UnlimitedCount": false,
        "BuyRestrictionMax": 5,
        "BuyRestrictionCurrent": 0
      }
    },
    {
      "_id": "6B13FlorosEdition_AramidChest",
      "_tpl": "654a8b0b0337d53f9102c2ae",
      "parentId": "6B13FlorosEdition",
      "slotId": "Soft_armor_front"
    },
    {
      "_id": "6B13FlorosEdition_AramidBack",
      "_tpl": "654a8976f414fcea4004d78b",
      "parentId": "6B13FlorosEdition",
      "slotId": "Soft_armor_back"
    },
    {
      "_id": "6B13FlorosEdition_AramidLeft",
      "_tpl": "654a8b3df414fcea4004d78f",
      "parentId": "6B13FlorosEdition",
      "slotId": "Soft_armor_left"
    },
    {
      "_id": "6B13FlorosEdition_AramidRight",
      "_tpl": "654a8b80f414fcea4004d797",
      "parentId": "6B13FlorosEdition",
      "slotId": "soft_armor_right"
    },
    {
      "_id": "6B13FlorosEdition_AramidColar",
      "_tpl": "654a8ae00337d53f9102c2aa",
      "parentId": "6B13FlorosEdition",
      "slotId": "Collar"
    },
    {
      "_id": "6B13FlorosEdition_AramidDProtection",
      "_tpl": "654a8bc5f414fcea4004d79b",
      "parentId": "6B13FlorosEdition",
      "slotId": "Groin"
    },
    {
      "_id": "6B13FlorosEdition_PlateBack",
      "_tpl": "656efd66034e8e01c407f35c",
      "parentId": "6B13FlorosEdition",
      "slotId": "Back_plate"
    },
    {
      "_id": "6B13FlorosEdition_PlateFront",
      "_tpl": "656f603f94b480b8a500c0d6",
      "parentId": "6B13FlorosEdition",
      "slotId": "Front_plate"
    },
    {
      "_id": "SKSwitdatPSO",
      "_tpl": "587e02ff24597743df3deaeb",
      "parentId": "hideout",
      "slotId": "hideout",
      "upd": {
        "StackObjectsCount": 200,
        "UnlimitedCount": false,
        "BuyRestrictionMax": 10,
        "BuyRestrictionCurrent": 0
      }
    },
    {
      "_id": "SKSwPSOStock",
      "_tpl": "574dad8024597745964bf05c",
      "parentId": "SKSwitdatPSO",
      "slotId": "mod_stock"
    },
    {
      "_id": "SKSwPSODC",
      "_tpl": "634f06262e5def262d0b30ca",
      "parentId": "SKSwitdatPSO",
      "slotId": "mod_reciever"
    },
    {
      "_id": "SKSwPSOMag",
      "_tpl": "587df3a12459772c28142567",
      "parentId": "SKSwitdatPSO",
      "slotId": "mod_magazine"
    },
    {
      "_id": "SKSwPSOBarrel",
      "_tpl": "634eff66517ccc8a960fc735",
      "parentId": "SKSwitdatPSO",
      "slotId": "mod_barrel"
    },
    {
      "_id": "SKSwPSOUpperBand",
      "_tpl": "634f05a21f9f536910079b56",
      "parentId": "SKSwPSOBarrel",
      "slotId": "mod_mount_000"
    },
    {
      "_id": "SKSwPSOGasBlock",
      "_tpl": "634f036a517ccc8a960fc746",
      "parentId": "SKSwPSOUpperBand",
      "slotId": "mod_gas_block"
    },
    {
      "_id": "SKSwPSOGBCover",
      "_tpl": "634f08a21f9f536910079b5a",
      "parentId": "SKSwPSOGasBlock",
      "slotId": "mod_mount_000"
    },
    {
      "_id": "SKSwPSORearSight",
      "_tpl": "574db213245977459a2f3f5d",
      "parentId": "SKSwPSOUpperBand",
      "slotId": "mod_sight_rear"
    },
    {
      "_id": "SKSwPSODtMount",
      "_tpl": "587e08ee245977446b4410cf",
      "parentId": "SKSwitdatPSO",
      "slotId": "mod_mount"
    },
    {
      "_id": "SKSwPSO_Psoitself",
      "_tpl": "5c82343a2e221644f31c0611",
      "parentId": "SKSwPSODtMount",
      "slotId": "mod_scope"
    },
    {
      "_id": "SKSwPSO_PSOeyecup",
      "_tpl": "57f3a5ae2459772b0e0bf19e",
      "parentId": "SKSwPSO_Psoitself",
      "slotId": "mod_tactical"
    },
    {
      "_id": "MP5Tac",
      "_tpl": "5926bb2186f7744b1c6c6e60",
      "parentId": "hideout",
      "slotId": "hideout",
      "upd": {
        "StackObjectsCount": 500,
        "UnlimitedCount": false,
        "BuyRestrictionMax": 5,
        "BuyRestrictionCurrent": 0
      }
    },
    {
      "_id": "MP5TacReciever",
      "_tpl": "5926c0df86f77462f647f764",
      "parentId": "MP5Tac",
      "slotId": "mod_reciever"
    },
    {
      "_id": "MP5TacHandguard",
      "_tpl": "5d010d1cd7ad1a59283b1ce7",
      "parentId": "MP5TacReciever",
      "slotId": "mod_handguard"
    },
    {
      "_id": "MP5TacGrip",
      "_tpl": "5c87ca002e221600114cb150",
      "parentId": "MP5TacHandguard",
      "slotId": "mod_foregrip"
    },
    {
      "_id": "MP5TacFlashlight",
      "_tpl": "6272370ee4013c5d7e31f418",
      "parentId": "MP5TacHandguard",
      "slotId": "mod_tactical_001"
    },
    {
      "_id": "MP5TacStock",
      "_tpl": "5926d3c686f77410de68ebc8",
      "parentId": "MP5TacReciever",
      "slotId": "mod_stock"
    },
    {
      "_id": "MP5TacRails",
      "_tpl": "5a966ec8a2750c00171b3f36",
      "parentId": "MP5TacReciever",
      "slotId": "mod_mount"
    },
    {
      "_id": "MP5TacScope",
      "_tpl": "58491f3324597764bc48fa02",
      "parentId": "MP5TacRails",
      "slotId": "mod_scope"
    },
    {
      "_id": "MP5TacMuzzleAdapter",
      "_tpl": "5926e16e86f7742f5a0f7ecb",
      "parentId": "MP5TacReciever",
      "slotId": "mod_muzzle"
    },
    {
      "_id": "MP5TacMuzzle",
      "_tpl": "5c07c5ed0db834001b73571c",
      "parentId": "MP5TacMuzzleAdapter",
      "slotId": "mod_muzzle"
    },
    {
      "_id": "MP5TacMag",
      "_tpl": "5926c3b286f774640d189b6b",
      "parentId": "MP5Tac",
      "slotId": "mod_magazine"
    },
    {
      "_id": "MP5TacBolt",
      "_tpl": "5926c32286f774616e42de99",
      "parentId": "MP5Tac",
      "slotId": "mod_charge"
    },
    {
      "_id": "AdarPistolSmall",
      "_tpl": "5c07c60e0db834002330051f",
      "parentId": "hideout",
      "slotId": "hideout",
      "upd": {
        "StackObjectsCount": 1000,
        "UnlimitedCount": false,
        "BuyRestrictionMax": 10,
        "BuyRestrictionCurrent": 0
      }
    },
    {
      "_id": "AdarPistolSmallPistolGrip",
      "_tpl": "5bb20e0ed4351e3bac1212dc",
      "parentId": "AdarPistolSmall",
      "slotId": "mod_pistol_grip"
    },
    {
      "_id": "AdarPistolSmallBufferTube",
      "_tpl": "638de3603a1a4031d8260b8c",
      "parentId": "AdarPistolSmall",
      "slotId": "mod_stock"
    },
    {
      "_id": "AdarPistolSmallBrace",
      "_tpl": "628a85ee6b1d481ff772e9d5",
      "parentId": "AdarPistolSmallBufferTube",
      "slotId": "mod_stock_000"
    },
    {
      "_id": "AdarPistolSmallMag",
      "_tpl": "5aaa5dfee5b5b000140293d3",
      "parentId": "AdarPistolSmall",
      "slotId": "mod_magazine"
    },
    {
      "_id": "AdarPistolSmallCharge",
      "_tpl": "5d44334ba4b9362b346d1948",
      "parentId": "AdarPistolSmall",
      "slotId": "mod_charge"
    },
    {
      "_id": "AdarPistolSmallReciever",
      "_tpl": "55d355e64bdc2d962f8b4569",
      "parentId": "AdarPistolSmall",
      "slotId": "mod_reciever"
    },
    {
      "_id": "AdarPistolSmallHandguard",
      "_tpl": "5c6d5d8b2e221644fc630b39",
      "parentId": "AdarPistolSmallReciever",
      "slotId": "mod_handguard"
    },
    {
      "_id": "AdarPistolSmallEOtek",
      "_tpl": "584924ec24597768f12ae244",
      "parentId": "AdarPistolSmallReciever",
      "slotId": "mod_scope"
    },
    {
      "_id": "AdarPistolSmallBarrel",
      "_tpl": "55d35ee94bdc2d61338b4568",
      "parentId": "AdarPistolSmallReciever",
      "slotId": "mod_barrel"
    },
    {
      "_id": "AdarPistolSmallGasBlock",
      "_tpl": "63d3ce281fe77d0f2801859e",
      "parentId": "AdarPistolSmallBarrel",
      "slotId": "mod_gas_block"
    },
    {
      "_id": "AdarPistolSmallMuzzle",
      "_tpl": "56ea8180d2720bf2698b456a",
      "parentId": "AdarPistolSmallBarrel",
      "slotId": "mod_muzzle"
    },
    {
      "_id": "MP9Tan",
      "_tpl": "5e00903ae9dc277128008b87",
      "parentId": "hideout",
      "slotId": "hideout",
      "upd": {
        "StackObjectsCount": 1500,
        "UnlimitedCount": false,
        "BuyRestrictionMax": 5,
        "BuyRestrictionCurrent": 0
      }
    },
    {
      "_id": "MP9TanMag",
      "_tpl": "5de8eac42a78646d96665d91",
      "parentId": "MP9Tan",
      "slotId": "mod_magazine"
    },
    {
      "_id": "MP9TanChargeHandle",
      "_tpl": "5de922d4b11454561e39239f",
      "parentId": "MP9Tan",
      "slotId": "mod_charge"
    },
    {
      "_id": "MP9TanUpperReciever",
      "_tpl": "5e0090f7e9dc277128008b93",
      "parentId": "MP9Tan",
      "slotId": "mod_reciever"
    },
    {
      "_id": "MP9TanEotech",
      "_tpl": "59f9d81586f7744c7506ee62",
      "parentId": "MP9TanUpperReciever",
      "slotId": "mod_scope"
    },
    {
      "_id": "MP9TanRearSight",
      "_tpl": "5de8fb539f98ac2bc659513a",
      "parentId": "MP9TanUpperReciever",
      "slotId": "mod_sight_rear"
    },
    {
      "_id": "MP9TanStock",
      "_tpl": "5de910da8b6c4240ba2651b5",
      "parentId": "MP9Tan",
      "slotId": "mod_stock"
    },
    {
      "_id": "MP9TanMuzzleMount",
      "_tpl": "5de8f237bbaf010b10528a70",
      "parentId": "MP9Tan",
      "slotId": "mod_muzzle"
    },
    {
      "_id": "MP9TanX400",
      "_tpl": "56def37dd2720bec348b456a",
      "parentId": "MP9TanMuzzleMount",
      "slotId": "mod_tactical"
    },
    {
      "_id": "MP9TanSuppressor",
      "_tpl": "5de8f2d5b74cd90030650c72",
      "parentId": "MP9TanMuzzleMount",
      "slotId": "mod_muzzle"
    },
    {
      "_id": "MP9TanBottomRail",
      "_tpl": "5de8fbf2b74cd90030650c79",
      "parentId": "MP9Tan",
      "slotId": "mod_mount_000"
    },
    {
      "_id": "MP9TanForeGrip",
      "_tpl": "5c1cd46f2e22164bef5cfedb",
      "parentId": "MP9TanBottomRail",
      "slotId": "mod_foregrip"
    },
    {
      "_id": "PP19Vityaz",
      "_tpl": "59984ab886f7743e98271174",
      "parentId": "hideout",
      "slotId": "hideout",
      "upd": {
        "StackObjectsCount": 1250,
        "UnlimitedCount": false,
        "BuyRestrictionMax": 5,
        "BuyRestrictionCurrent": 0
      }
    },
    {
      "_id": "PP19VityazMag",
      "_tpl": "599860ac86f77436b225ed1a",
      "parentId": "PP19Vityaz",
      "slotId": "mod_magazine"
    },
    {
      "_id": "PP19VityazPistolGrip",
      "_tpl": "6087e663132d4d12c81fd96b",
      "parentId": "PP19Vityaz",
      "slotId": "mod_pistol_grip"
    },
    {
      "_id": "PP19VityazRearSight",
      "_tpl": "599860e986f7743bb57573a6",
      "parentId": "PP19Vityaz",
      "slotId": "mod_sight_rear"
    },
    {
      "_id": "PP19VityazCharge",
      "_tpl": "6130ca3fd92c473c77020dbd",
      "parentId": "PP19Vityaz",
      "slotId": "mod_charge"
    },
    {
      "_id": "PP19VityazSuppressor",
      "_tpl": "5a32a064c4a28200741e22de",
      "parentId": "PP19Vityaz",
      "slotId": "mod_muzzle"
    },
    {
      "_id": "PP19VityazReciever",
      "_tpl": "59985a6c86f77414ec448d17",
      "parentId": "PP19Vityaz",
      "slotId": "mod_reciever"
    },
    {
      "_id": "PP19VityazScope",
      "_tpl": "59f9d81586f7744c7506ee62",
      "parentId": "PP19VityazReciever",
      "slotId": "mod_scope"
    },
    {
      "_id": "PP19VityazBuffaTube",
      "_tpl": "5cf50fc5d7f00c056c53f83c",
      "parentId": "PP19Vityaz",
      "slotId": "mod_stock"
    },
    {
      "_id": "PP19VityazStock",
      "_tpl": "58d2947e86f77447aa070d53",
      "parentId": "PP19VityazBuffaTube",
      "slotId": "mod_stock"
    },
    {
      "_id": "PP19VityazButtPad",
      "_tpl": "58d2912286f7744e27117493",
      "parentId": "PP19VityazStock",
      "slotId": "mod_stock"
    },
    {
      "_id": "PP19VityazGasBloc",
      "_tpl": "59ccd11386f77428f24a488f",
      "parentId": "PP19Vityaz",
      "slotId": "mod_gas_block"
    },
    {
      "_id": "PP19VityazHandguard",
      "_tpl": "57cffe20245977632f391a9d",
      "parentId": "PP19VityazGasBloc",
      "slotId": "mod_handguard"
    },
    {
      "_id": "PP19VityazMount",
      "_tpl": "6269220d70b6c02e665f2635",
      "parentId": "PP19VityazHandguard",
      "slotId": "mod_mount_000"
    },
    {
      "_id": "PP19VityazBaldr",
      "_tpl": "6272370ee4013c5d7e31f418",
      "parentId": "PP19VityazMount",
      "slotId": "mod_tactical"
    },
    {
      "_id": "PP19VityazForeGripMount",
      "_tpl": "5b7be4895acfc400170e2dd5",
      "parentId": "PP19VityazHandguard",
      "slotId": "mod_mount_003"
    },
    {
      "_id": "PP19VityazSe5",
      "_tpl": "5b057b4f5acfc4771e1bd3e9",
      "parentId": "PP19VityazForeGripMount",
      "slotId": "mod_foregrip"
    },
    {
      "_id": "AdarPistolLong",
      "_tpl": "5c07c60e0db834002330051f",
      "parentId": "hideout",
      "slotId": "hideout",
      "upd": {
        "StackObjectsCount": 2500,
        "UnlimitedCount": false,
        "BuyRestrictionMax": 10,
        "BuyRestrictionCurrent": 0
      }
    },
    {
      "_id": "AdarPistolLongPistolGrip",
      "_tpl": "5d025cc1d7ad1a53845279ef",
      "parentId": "AdarPistolLong",
      "slotId": "mod_pistol_grip"
    },
    {
      "_id": "AdarPistolLongMag",
      "_tpl": "5d1340cad7ad1a0b0b249869",
      "parentId": "AdarPistolLong",
      "slotId": "mod_magazine"
    },
    {
      "_id": "AdarPistolLongChargeHandle",
      "_tpl": "5d44334ba4b9362b346d1948",
      "parentId": "AdarPistolLong",
      "slotId": "mod_charge"
    },
    {
      "_id": "AdarPistolLongBufferTube",
      "_tpl": "638de3603a1a4031d8260b8c",
      "parentId": "AdarPistolLong",
      "slotId": "mod_stock"
    },
    {
      "_id": "AdarPistolLongStock",
      "_tpl": "5c793fde2e221601da358614",
      "parentId": "AdarPistolLongBufferTube",
      "slotId": "mod_stock_000"
    },
    {
      "_id": "AdarPistolLongReciever",
      "_tpl": "5c0e2f26d174af02a9625114",
      "parentId": "AdarPistolLong",
      "slotId": "mod_reciever"
    },
    {
      "_id": "AdarPistolLongScopeMount",
      "_tpl": "5b31163c5acfc400153b71cb",
      "parentId": "AdarPistolLongReciever",
      "slotId": "mod_scope"
    },
    {
      "_id": "AdarPistolLongScopeT1",
      "_tpl": "58d399e486f77442e0016fe7",
      "parentId": "AdarPistolLongScopeMount",
      "slotId": "mod_scope"
    },
    {
      "_id": "AdarPistolLongBarrel",
      "_tpl": "55d3632e4bdc2d972f8b4569",
      "parentId": "AdarPistolLongReciever",
      "slotId": "mod_barrel"
    },
    {
      "_id": "AdarPistolLongGasBlock",
      "_tpl": "56eabcd4d2720b66698b4574",
      "parentId": "AdarPistolLongBarrel",
      "slotId": "mod_gas_block"
    },
    {
      "_id": "AdarPistolLongMuzzle",
      "_tpl": "56ea8180d2720bf2698b456a",
      "parentId": "AdarPistolLongBarrel",
      "slotId": "mod_muzzle"
    },
    {
      "_id": "AdarPistolLongHandguard",
      "_tpl": "5ea16ada09aa976f2e7a51be",
      "parentId": "AdarPistolLongReciever",
      "slotId": "mod_handguard"
    },
    {
      "_id": "AdarPistolLongForegripmount",
      "_tpl": "5b7be4895acfc400170e2dd5",
      "parentId": "AdarPistolLongHandguard",
      "slotId": "mod_foregrip"
    },
    {
      "_id": "AdarPistolLongForegripCobra",
      "_tpl": "655dccfdbdcc6b5df71382b6",
      "parentId": "AdarPistolLongForegripmount",
      "slotId": "mod_foregrip"
    },
    {
      "_id": "AdarPistolLongLaser",
      "_tpl": "544909bb4bdc2d6f028b4577",
      "parentId": "AdarPistolLongHandguard",
      "slotId": "mod_tactical_000"
    },
    {
      "_id": "AdarPistolLongHGMount",
      "_tpl": "6269220d70b6c02e665f2635",
      "parentId": "AdarPistolLongHandguard",
      "slotId": "mod_mount_001"
    },
    {
      "_id": "AdarPistolLongFlashMount",
      "_tpl": "57d17e212459775a1179a0f5",
      "parentId": "AdarPistolLongHGMount",
      "slotId": "mod_tactical"
    },
    {
      "_id": "AdarPistolLongFlashlight",
      "_tpl": "57d17c5e2459775a5c57d17d",
      "parentId": "AdarPistolLongFlashMount",
      "slotId": "mod_flashlight"
    },
    {
      "_id": "SVD_Pso",
      "_tpl": "5c46fbd72e2216398b5a8c9c",
      "parentId": "hideout",
      "slotId": "hideout",
      "upd": {
        "StackObjectsCount": 2500,
        "UnlimitedCount": false,
        "BuyRestrictionMax": 5,
        "BuyRestrictionCurrent": 0
      }
    },
    {
      "_id": "SVD_PsoGrip",
      "_tpl": "5c471be12e221602b66cd9ac",
      "parentId": "SVD_Pso",
      "slotId": "mod_pistol_grip"
    },
    {
      "_id": "SVD_PsoMag",
      "_tpl": "5c471c442e221602b542a6f8",
      "parentId": "SVD_Pso",
      "slotId": "mod_magazine"
    },
    {
      "_id": "SVD_PsoScope",
      "_tpl": "5c82343a2e221644f31c0611",
      "parentId": "SVD_Pso",
      "slotId": "mod_mount_002"
    },
    {
      "_id": "SVD_PsoScopeCup",
      "_tpl": "57f3a5ae2459772b0e0bf19e",
      "parentId": "SVD_PsoScope",
      "slotId": "mod_tactical"
    },
    {
      "_id": "SVD_PsoStock",
      "_tpl": "5c471b5d2e221602b21d4e14",
      "parentId": "SVD_Pso",
      "slotId": "mod_stock"
    },
    {
      "_id": "SVD_PsoReciever",
      "_tpl": "5c471bd12e221602b4129c3a",
      "parentId": "SVD_Pso",
      "slotId": "mod_reciever"
    },
    {
      "_id": "SVD_PsoBarrel",
      "_tpl": "5c471cb32e221602b177afaa",
      "parentId": "SVD_Pso",
      "slotId": "mod_barrel"
    },
    {
      "_id": "SVD_PsoUB",
      "_tpl": "5c471c2d2e22164bef5d077f",
      "parentId": "SVD_Pso",
      "slotId": "mod_mount_001"
    },
    {
      "_id": "SVD_PsoRS",
      "_tpl": "5c471b7e2e2216152006e46c",
      "parentId": "SVD_PsoUB",
      "slotId": "mod_sight_rear"
    },
    {
      "_id": "SVD_PsoHandguard",
      "_tpl": "5c471c6c2e221602b66cd9ae",
      "parentId": "SVD_PsoUB",
      "slotId": "mod_handguard"
    },
    {
      "_id": "SVD_PsoGasBlock",
      "_tpl": "5c471c842e221615214259b5",
      "parentId": "SVD_PsoBarrel",
      "slotId": "mod_gas_block"
    },
    {
      "_id": "SVD_PsoMuzzle",
      "_tpl": "5c471bfc2e221602b21d4e17",
      "parentId": "SVD_PsoBarrel",
      "slotId": "mod_muzzle"
    },
    {
      "_id": "SVD_PsoFS",
      "_tpl": "5c471ba12e221602b3137d76",
      "parentId": "SVD_PsoMuzzle",
      "slotId": "mod_sight_front"
    },
    {
      "_id": "MP_153SetUp",
      "_tpl": "56dee2bdd2720bc8328b4567",
      "parentId": "hideout",
      "slotId": "hideout",
      "upd": {
        "StackObjectsCount": 2500,
        "UnlimitedCount": false,
        "BuyRestrictionMax": 10,
        "BuyRestrictionCurrent": 0
      }
    },
    {
      "_id": "MP_153SetUpStock",
      "_tpl": "56083be64bdc2d20478b456f",
      "parentId": "MP_153SetUp",
      "slotId": "mod_stock"
    },
    {
      "_id": "MP_153SetUpMag",
      "_tpl": "5882163824597757561aa922",
      "parentId": "MP_153SetUp",
      "slotId": "mod_magazine"
    },
    {
      "_id": "MP_153SetUpHG",
      "_tpl": "56deed6ed2720b4c698b4583",
      "parentId": "MP_153SetUp",
      "slotId": "mod_handguard"
    },
    {
      "_id": "MP_153SetUpBarrel",
      "_tpl": "588200af24597742fa221dfb",
      "parentId": "MP_153SetUp",
      "slotId": "mod_barrel"
    },
    {
      "_id": "MP_153SetUpMuzzleAdapter",
      "_tpl": "5c0111ab0db834001966914d",
      "parentId": "MP_153SetUpBarrel",
      "slotId": "mod_muzzle"
    },
    {
      "_id": "MP_153SetUpRecoilReducer",
      "_tpl": "59fb137a86f7740adb646af1",
      "parentId": "MP_153SetUpMuzzleAdapter",
      "slotId": "mod_muzzle"
    },
    {
      "_id": "MP_153SetUpMount",
      "_tpl": "55d48a634bdc2d8b2f8b456a",
      "parentId": "MP_153SetUp",
      "slotId": "mod_mount"
    },
    {
      "_id": "MP_153SetUpScope",
      "_tpl": "58491f3324597764bc48fa02",
      "parentId": "MP_153SetUpMount",
      "slotId": "mod_scope"
    },
    {
      "_id": "AKS74NTac",
      "_tpl": "5ab8e9fcd8ce870019439434",
      "parentId": "hideout",
      "slotId": "hideout",
      "upd": {
        "StackObjectsCount": 2500,
        "UnlimitedCount": false,
        "BuyRestrictionMax": 5,
        "BuyRestrictionCurrent": 0
      }
    },
    {
      "_id": "AKS74NTacGrip",
      "_tpl": "6087e663132d4d12c81fd96b",
      "parentId": "AKS74NTac",
      "slotId": "mod_pistol_grip"
    },
    {
      "_id": "AKS74NTacMag",
      "_tpl": "5aaa4194e5b5b055d06310a5",
      "parentId": "AKS74NTac",
      "slotId": "mod_magazine"
    },
    {
      "_id": "AKS74NTacMuzzle",
      "_tpl": "5f633f791b231926f2329f13",
      "parentId": "AKS74NTac",
      "slotId": "mod_muzzle"
    },
    {
      "_id": "AKS74NTacChargeHandle",
      "_tpl": "6130ca3fd92c473c77020dbd",
      "parentId": "AKS74NTac",
      "slotId": "mod_charge"
    },
    {
      "_id": "AKS74NTacDustCover",
      "_tpl": "5649af884bdc2d1b2b8b4589",
      "parentId": "AKS74NTac",
      "slotId": "mod_reciever"
    },
    {
      "_id": "AKS74NTacSpecterBlk",
      "_tpl": "57ac965c24597706be5f975c",
      "parentId": "AKS74NTacDustCover",
      "slotId": "mod_scope"
    },
    {
      "_id": "AKS74NTacStockAdapter",
      "_tpl": "59ecc28286f7746d7a68aa8c",
      "parentId": "AKS74NTac",
      "slotId": "mod_stock"
    },
    {
      "_id": "AKS74NTacStock",
      "_tpl": "59ecc3dd86f7746dc827481c",
      "parentId": "AKS74NTacStockAdapter",
      "slotId": "mod_stock"
    },
    {
      "_id": "AKS74NTacGasBlock",
      "_tpl": "59c6633186f7740cf0493bb9",
      "parentId": "AKS74NTac",
      "slotId": "mod_gas_block"
    },
    {
      "_id": "AKS74NTacHandguard",
      "_tpl": "5efaf417aeb21837e749c7f2",
      "parentId": "AKS74NTacGasBlock",
      "slotId": "mod_handguard"
    },
    {
      "_id": "AKS74NTacForegrip",
      "_tpl": "5c1cd46f2e22164bef5cfedb",
      "parentId": "AKS74NTacHandguard",
      "slotId": "mod_foregrip"
    },
    {
      "_id": "AKS74NTacFlashlight",
      "_tpl": "5b07dd285acfc4001754240d",
      "parentId": "AKS74NTacHandguard",
      "slotId": "mod_tactical_001"
    },
    {
      "_id": "SR2MFSB",
      "_tpl": "62e14904c2699c0ec93adc47",
      "parentId": "hideout",
      "slotId": "hideout",
      "upd": {
        "StackObjectsCount": 5000,
        "UnlimitedCount": false,
        "BuyRestrictionMax": 5,
        "BuyRestrictionCurrent": 0
      }
    },
    {
      "_id": "SR2MFSBGrip",
      "_tpl": "637ba29bf7ca6372bf2613db",
      "parentId": "SR2MFSB",
      "slotId": "mod_pistolgrip"
    },
    {
      "_id": "SR2MFSBMag",
      "_tpl": "62e153bcdb1a5c41971c1b5b",
      "parentId": "SR2MFSB",
      "slotId": "mod_magazine"
    },
    {
      "_id": "SR2MFSBSupp",
      "_tpl": "62e2a7138e1ac9380579c122",
      "parentId": "SR2MFSB",
      "slotId": "mod_muzzle"
    },
    {
      "_id": "SR2MFSBStock",
      "_tpl": "62e2969582ebf260c20539c2",
      "parentId": "SR2MFSB",
      "slotId": "mod_stock"
    },
    {
      "_id": "SR2MFSBHandguard",
      "_tpl": "637ba19df7ca6372bf2613d7",
      "parentId": "SR2MFSB",
      "slotId": "mod_handguard"
    },
    {
      "_id": "SR2MFSBMount",
      "_tpl": "62ed1921b3608410ef5a2c04",
      "parentId": "SR2MFSBHandguard",
      "slotId": "mod_mount_001"
    },
    {
      "_id": "SR2MFSBDustcover",
      "_tpl": "62e27a7865f0b1592a49e17b",
      "parentId": "SR2MFSB",
      "slotId": "mod_reciever"
    },
    {
      "_id": "SR2MFSBScope",
      "_tpl": "62ff9920fe938a24c90c10d2",
      "parentId": "SR2MFSBDustcover",
      "slotId": "mod_mount"
    },
    {
      "_id": "SKSTac",
      "_tpl": "587e02ff24597743df3deaeb",
      "parentId": "hideout",
      "slotId": "hideout",
      "upd": {
        "StackObjectsCount": 2000,
        "UnlimitedCount": false,
        "BuyRestrictionMax": 10,
        "BuyRestrictionCurrent": 0
      }
    },
    {
      "_id": "SKSTacMagazin",
      "_tpl": "587df583245977373c4f1129",
      "parentId": "SKSTac",
      "slotId": "mod_magazine"
    },
    {
      "_id": "SKSTacBarrel",
      "_tpl": "634eff66517ccc8a960fc735",
      "parentId": "SKSTac",
      "slotId": "mod_barrel"
    },
    {
      "_id": "SKSTacUpperBand",
      "_tpl": "634f05a21f9f536910079b56",
      "parentId": "SKSTacBarrel",
      "slotId": "mod_mount_000"
    },
    {
      "_id": "SKSTacRearSight",
      "_tpl": "574db213245977459a2f3f5d",
      "parentId": "SKSTacUpperBand",
      "slotId": "mod_sight_rear"
    },
    {
      "_id": "SKSTacGasBlock",
      "_tpl": "634f036a517ccc8a960fc746",
      "parentId": "SKSTacUpperBand",
      "slotId": "mod_gas_block"
    },
    {
      "_id": "SKSTacGasBlockCover",
      "_tpl": "653ecd065a1690d9d90491e6",
      "parentId": "SKSTacGasBlock",
      "slotId": "mod_mount_000"
    },
    {
      "_id": "SKSTacMuzzleThread",
      "_tpl": "5cf67cadd7f00c065a5abab7",
      "parentId": "SKSTacBarrel",
      "slotId": "mod_muzzle"
    },
    {
      "_id": "SKSTacRecoilReducer",
      "_tpl": "5cc9ad73d7f00c000e2579d4",
      "parentId": "SKSTacMuzzleThread",
      "slotId": "mod_muzzle"
    },
    {
      "_id": "SKSTacReciever",
      "_tpl": "6415c694da439c6a97048b56",
      "parentId": "SKSTac",
      "slotId": "mod_reciever"
    },
    {
      "_id": "SKSTacNFmount",
      "_tpl": "5b3b99265acfc4704b4a1afb",
      "parentId": "SKSTacReciever",
      "slotId": "mod_scope"
    },
    {
      "_id": "SKSTacRazor30milly",
      "_tpl": "618ba27d9008e4636a67f61d",
      "parentId": "SKSTacNFmount",
      "slotId": "mod_scope"
    },
    {
      "_id": "SKSTacSBody",
      "_tpl": "5d0236dad7ad1a0940739d29",
      "parentId": "SKSTac",
      "slotId": "mod_stock"
    },
    {
      "_id": "SKSTacStock",
      "_tpl": "653ed132896b99b40a0292e6",
      "parentId": "SKSTacSBody",
      "slotId": "mod_stock"
    },
    {
      "_id": "SKSTacPGrip",
      "_tpl": "6087e663132d4d12c81fd96b",
      "parentId": "SKSTacSBody",
      "slotId": "mod_pistol_grip"
    },
    {
      "_id": "SKSTacX400",
      "_tpl": "56def37dd2720bec348b456a",
      "parentId": "SKSTacSBody",
      "slotId": "mod_tactical_001"
    },
    {
      "_id": "M700SBIH",
      "_tpl": "5bfea6e90db834001b7347f3",
      "parentId": "hideout",
      "slotId": "hideout",
      "upd": {
        "StackObjectsCount": 1500,
        "UnlimitedCount": false,
        "BuyRestrictionMax": 10,
        "BuyRestrictionCurrent": 0
      }
    },
    {
      "_id": "M700SBIHMagazin",
      "_tpl": "5d25a7b88abbc3054f3e60bc",
      "parentId": "M700SBIH",
      "slotId": "mod_magazine"
    },
    {
      "_id": "M700SBIHBarrel",
      "_tpl": "5bfebc320db8340019668d79",
      "parentId": "M700SBIH",
      "slotId": "mod_barrel"
    },
    {
      "_id": "M700SBIHBMDA3Chassis",
      "_tpl": "5cf78496d7f00c065703d6ca",
      "parentId": "M700SBIHBarrel",
      "slotId": "mod_muzzle"
    },
    {
      "_id": "M700SBIHBMDA3Device",
      "_tpl": "5cf78720d7f00c06595bc93e",
      "parentId": "M700SBIHBMDA3Chassis",
      "slotId": "mod_muzzle_001"
    },
    {
      "_id": "M700SBIHBMDA3Muzzle",
      "_tpl": "5c878e9d2e2216000f201903",
      "parentId": "M700SBIHBMDA3Chassis",
      "slotId": "mod_muzzle_000"
    },
    {
      "_id": "M700SBIHRailMount",
      "_tpl": "5cde7b43d7f00c000d36b93e",
      "parentId": "M700SBIH",
      "slotId": "mod_mount"
    },
    {
      "_id": "M700SBIHRearSight",
      "_tpl": "5fb6564947ce63734e3fa1da",
      "parentId": "M700SBIHRailMount",
      "slotId": "mod_sight_rear"
    },
    {
      "_id": "M700SBIHNFMount",
      "_tpl": "5b3b99265acfc4704b4a1afb",
      "parentId": "M700SBIHRailMount",
      "slotId": "mod_scope"
    },
    {
      "_id": "M700SBIHTac30",
      "_tpl": "5b2388675acfc4771e1be0be",
      "parentId": "M700SBIHNFMount",
      "slotId": "mod_scope"
    },
    {
      "_id": "M700SBIHChassis",
      "_tpl": "5cde739cd7f00c0010373bd3",
      "parentId": "M700SBIH",
      "slotId": "mod_stock"
    },
    {
      "_id": "M700SBIHPistolGrip",
      "_tpl": "57af48872459771f0b2ebf11",
      "parentId": "M700SBIHChassis",
      "slotId": "mod_pistol_grip"
    },
    {
      "_id": "M700SBIHandguard",
      "_tpl": "5cde7afdd7f00c000d36b89d",
      "parentId": "M700SBIHChassis",
      "slotId": "mod_handguard"
    },
    {
      "_id": "M700SBIHFrontSight",
      "_tpl": "5fb6567747ce63734e3fa1dc",
      "parentId": "M700SBIHandguard",
      "slotId": "mod_sight_front"
    },
    {
      "_id": "M700SBIHForegripMount",
      "_tpl": "59e0bed186f774156f04ce84",
      "parentId": "M700SBIHandguard",
      "slotId": "mod_foregrip"
    },
    {
      "_id": "M700SBIHForegrip",
      "_tpl": "5c1cd46f2e22164bef5cfedb",
      "parentId": "M700SBIHForegripMount",
      "slotId": "mod_foregrip"
    },
    {
      "_id": "M700SBIHTube",
      "_tpl": "5c793fb92e221644f31bfb64",
      "parentId": "M700SBIHChassis",
      "slotId": "mod_stock"
    },
    {
      "_id": "M700SBIHStock",
      "_tpl": "58d2946386f774496974c37e",
      "parentId": "M700SBIHTube",
      "slotId": "mod_stock_000"
    },
    {
      "_id": "M700SBIHButtpad",
      "_tpl": "58d2912286f7744e27117493",
      "parentId": "M700SBIHStock",
      "slotId": "mod_stock"
    },
    {
      "_id": "TV110ArmoredRig",
      "_tpl": "5c0e746986f7741453628fe5",
      "parentId": "hideout",
      "slotId": "hideout",
      "upd": {
        "StackObjectsCount": 450,
        "UnlimitedCount": false,
        "BuyRestrictionMax": 5,
        "BuyRestrictionCurrent": 0
      }
    },
    {
      "_id": "TV110ArmoredRig_ChestSPA",
      "_tpl": "6570df294cc0d2ab1e05ed74",
      "parentId": "TV110ArmoredRig",
      "slotId": "Soft_armor_front"
    },
    {
      "_id": "TV110ArmoredRig_BackSPA",
      "_tpl": "6570df9c615f54368b04fca9",
      "parentId": "TV110ArmoredRig",
      "slotId": "Soft_armor_back"
    },
    {
      "_id": "TV110ArmoredRig_BackPlate",
      "_tpl": "656fa0fb498d1b7e3e071d9c",
      "parentId": "TV110ArmoredRig",
      "slotId": "Back_plate"
    },
    {
      "_id": "TV110ArmoredRig_FrontPlate",
      "_tpl": "656fa0fb498d1b7e3e071d9c",
      "parentId": "TV110ArmoredRig",
      "slotId": "Front_plate"
    },
    {
      "_id": "CryeAVSRangerGreen",
      "_tpl": "544a5caa4bdc2d1a388b4568",
      "parentId": "hideout",
      "slotId": "hideout",
      "upd": {
        "StackObjectsCount": 650,
        "UnlimitedCount": false,
        "BuyRestrictionMax": 7,
        "BuyRestrictionCurrent": 0
      }
    },
    {
      "_id": "CryeAVSRangerGreen_ChestSPA",
      "_tpl": "6570e83223c1f638ef0b0ede",
      "parentId": "CryeAVSRangerGreen",
      "slotId": "Soft_armor_front"
    },
    {
      "_id": "CryeAVSRangerGreen_BackSPA",
      "_tpl": "6570e87c23c1f638ef0b0ee2",
      "parentId": "CryeAVSRangerGreen",
      "slotId": "Soft_armor_back"
    },
    {
      "_id": "CryeAVSRangerGreen_GroinSPA",
      "_tpl": "6570e90b3a5689d85f08db97",
      "parentId": "CryeAVSRangerGreen",
      "slotId": "Groin"
    },
    {
      "_id": "CryeAVSRangerGreen_ChestPlate",
      "_tpl": "656f9fa0498d1b7e3e071d98",
      "parentId": "CryeAVSRangerGreen",
      "slotId": "Front_plate"
    },
    {
      "_id": "CryeAVSRangerGreen_BackPlate",
      "_tpl": "656f9fa0498d1b7e3e071d98",
      "parentId": "CryeAVSRangerGreen",
      "slotId": "Back_plate"
    },
    {
      "_id": "NFMThorArmor",
      "_tpl": "609e8540d5c319764c2bc2e9",
      "parentId": "hideout",
      "slotId": "hideout",
      "upd": {
        "StackObjectsCount": 650,
        "UnlimitedCount": false,
        "BuyRestrictionMax": 7,
        "BuyRestrictionCurrent": 0
      }
    },
    {
      "_id": "NFMThorArmor_ChestSPA",
      "_tpl": "6572e5221b5bc1185508c24f",
      "parentId": "NFMThorArmor",
      "slotId": "Soft_armor_front"
    },
    {
      "_id": "NFMThorArmor_BackSPA",
      "_tpl": "6572e52f73c0eabb700109a0",
      "parentId": "NFMThorArmor",
      "slotId": "Soft_armor_back"
    },
    {
      "_id": "NFMThorArmor_LeftSPA",
      "_tpl": "6572e53c73c0eabb700109a4",
      "parentId": "NFMThorArmor",
      "slotId": "Soft_armor_left"
    },
    {
      "_id": "NFMThorArmor_RightSPA",
      "_tpl": "6572e54873c0eabb700109a8",
      "parentId": "NFMThorArmor",
      "slotId": "soft_armor_right"
    },
    {
      "_id": "NFMThorArmor_FrontPlate",
      "_tpl": "656f9fa0498d1b7e3e071d98",
      "parentId": "NFMThorArmor",
      "slotId": "Front_plate"
    },
    {
      "_id": "NFMThorArmor_BackPlate",
      "_tpl": "656f9fa0498d1b7e3e071d98",
      "parentId": "NFMThorArmor",
      "slotId": "Back_plate"
    }
  ],
  "barter_scheme": {
    "PP19Vityaz": [
      [
        {
          "_tpl": "5449016a4bdc2d6f028b456f",
          "count": 72500
        }
      ]
    ],
    "SKS20RndMag": [
      [
        {
          "_tpl": "5449016a4bdc2d6f028b456f",
          "count": 9000
        }
      ]
    ],
    "AK7430rndPmag": [
      [
        {
          "_tpl": "5449016a4bdc2d6f028b456f",
          "count": 2750
        }
      ]
    ],
    "MP_153SetUp": [
      [
        {
          "_tpl": "5449016a4bdc2d6f028b456f",
          "count": 67500
        }
      ]
    ],
    "SVDS10rndMag": [
      [
        {
          "_tpl": "5449016a4bdc2d6f028b456f",
          "count": 3500
        }
      ]
    ],
    "MPPVChestRig": [
      [
        {
          "_tpl": "5449016a4bdc2d6f028b456f",
          "count": 45000
        }
      ]
    ],
    "TV110ArmoredRig": [
      [
        {
          "_tpl": "5449016a4bdc2d6f028b456f",
          "count": 85000
        }
      ]
    ],
    "CryeAVSRangerGreen": [
      [
        {
          "_tpl": "5449016a4bdc2d6f028b456f",
          "count": 92500
        }
      ]
    ],
    "SR2MFSB": [
      [
        {
          "_tpl": "5449016a4bdc2d6f028b456f",
          "count": 85000
        }
      ]
    ],
    "SKSwitdatPSO": [
      [
        {
          "_tpl": "5449016a4bdc2d6f028b456f",
          "count": 35000
        }
      ]
    ],
    "MP530rndMag": [
      [
        {
          "_tpl": "5449016a4bdc2d6f028b456f",
          "count": 4500
        }
      ]
    ],
    "TacticalSports": [
      [
        {
          "_tpl": "5449016a4bdc2d6f028b456f",
          "count": 45000
        }
      ]
    ],
    "PropitalInj": [
      [
        {
          "_tpl": "5449016a4bdc2d6f028b456f",
          "count": 25000
        }
      ]
    ],
    "SordinHeadset": [
      [
        {
          "_tpl": "5449016a4bdc2d6f028b456f",
          "count": 47500
        }
      ]
    ],
    "ZagustinHemostatInj": [
      [
        {
          "_tpl": "5449016a4bdc2d6f028b456f",
          "count": 35000
        }
      ]
    ],
    "MP9Tan": [
      [
        {
          "_tpl": "5449016a4bdc2d6f028b456f",
          "count": 50000
        }
      ]
    ],
    "AKS74NTac": [
      [
        {
          "_tpl": "5449016a4bdc2d6f028b456f",
          "count": 175000
        }
      ]
    ],
    "ANAAlpha0Chest": [
      [
        {
          "_tpl": "5449016a4bdc2d6f028b456f",
          "count": 42500
        }
      ]
    ],
    "MP5Tac": [
      [
        {
          "_tpl": "5449016a4bdc2d6f028b456f",
          "count": 60000
        }
      ]
    ],
    "6B13FlorosEdition": [
      [
        {
          "_tpl": "5449016a4bdc2d6f028b456f",
          "count": 55000
        }
      ]
    ],
    "SVD_Pso": [
      [
        {
          "_tpl": "5449016a4bdc2d6f028b456f",
          "count": 87500
        }
      ]
    ],
    "Vityaz30RndMag": [
      [
        {
          "_tpl": "5449016a4bdc2d6f028b456f",
          "count": 2500
        }
      ]
    ],
    "LShZHelmet": [
      [
        {
          "_tpl": "5449016a4bdc2d6f028b456f",
          "count": 30000
        }
      ]
    ],
    "M700SBIH": [
      [
        {
          "_tpl": "5449016a4bdc2d6f028b456f",
          "count": 175000
        }
      ]
    ],
    "HighcomTrooperUSEC": [
      [
        {
          "_tpl": "5449016a4bdc2d6f028b456f",
          "count": 87500
        }
      ]
    ],
    "SR2M30RndMag": [
      [
        {
          "_tpl": "5449016a4bdc2d6f028b456f",
          "count": 3250
        }
      ]
    ],
    "AFAKkit": [
      [
        {
          "_tpl": "5449016a4bdc2d6f028b456f",
          "count": 35000
        }
      ]
    ],
    "AnalginPainKillas": [
      [
        {
          "_tpl": "5449016a4bdc2d6f028b456f",
          "count": 7000
        }
      ]
    ],
    "AluminiumSplint": [
      [
        {
          "_tpl": "5449016a4bdc2d6f028b456f",
          "count": 23500
        }
      ]
    ],
    "Pst": [
      [
        {
          "_tpl": "5449016a4bdc2d6f028b456f",
          "count": 65
        }
      ]
    ],
    "RatnikB47": [
      [
        {
          "_tpl": "5449016a4bdc2d6f028b456f",
          "count": 35000
        }
      ]
    ],
    "BerkutBP": [
      [
        {
          "_tpl": "5449016a4bdc2d6f028b456f",
          "count": 22500
        }
      ]
    ],
    "DAThunderboltRIg": [
      [
        {
          "_tpl": "5449016a4bdc2d6f028b456f",
          "count": 47500
        }
      ]
    ],
    "762x54Fmj": [
      [
        {
          "_tpl": "5449016a4bdc2d6f028b456f",
          "count": 250
        }
      ]
    ],
    "762x51FMJ": [
      [
        {
          "_tpl": "5449016a4bdc2d6f028b456f",
          "count": 200
        }
      ]
    ],
    "8mmBuckshot": [
      [
        {
          "_tpl": "5449016a4bdc2d6f028b456f",
          "count": 150
        }
      ]
    ],
    "AdarPistolSmall": [
      [
        {
          "_tpl": "5449016a4bdc2d6f028b456f",
          "count": 115000
        }
      ]
    ],
    "AdarPistolLong": [
      [
        {
          "_tpl": "5449016a4bdc2d6f028b456f",
          "count": 150000
        }
      ]
    ],
    "M855": [
      [
        {
          "_tpl": "5449016a4bdc2d6f028b456f",
          "count": 250
        }
      ]
    ],
    "SalewaKit": [
      [
        {
          "_tpl": "5449016a4bdc2d6f028b456f",
          "count": 33500
        }
      ]
    ],
    "MOMEXBalaclava": [
      [
        {
          "_tpl": "5449016a4bdc2d6f028b456f",
          "count": 3000
        }
      ]
    ],
    "SURVIVAL12Kit": [
      [
        {
          "_tpl": "5449016a4bdc2d6f028b456f",
          "count": 50000
        }
      ]
    ],
    "SOSTMK318": [
      [
        {
          "_tpl": "5449016a4bdc2d6f028b456f",
          "count": 300
        }
      ]
    ],
    "9x21GPS": [
      [
        {
          "_tpl": "5449016a4bdc2d6f028b456f",
          "count": 235
        }
      ]
    ],
    "545x39PPgs": [
      [
        {
          "_tpl": "5449016a4bdc2d6f028b456f",
          "count": 450
        }
      ]
    ],
    "762x39psghz": [
      [
        {
          "_tpl": "5449016a4bdc2d6f028b456f",
          "count": 250
        }
      ]
    ],
    "GearcraftAtacsfgrig": [
      [
        {
          "_tpl": "5449016a4bdc2d6f028b456f",
          "count": 20000
        }
      ]
    ],
    "NFMThorArmor": [
      [
        {
          "_tpl": "5449016a4bdc2d6f028b456f",
          "count": 87500
        }
      ]
    ],
    "RazorHeadset": [
      [
        {
          "_tpl": "5449016a4bdc2d6f028b456f",
          "count": 45000
        }
      ]
    ],
    "Stanag30rndBlk": [
      [
        {
          "_tpl": "5449016a4bdc2d6f028b456f",
          "count": 3750
        }
      ]
    ],
    "MP930rnd": [
      [
        {
          "_tpl": "5449016a4bdc2d6f028b456f",
          "count": 4700
        }
      ]
    ],
    "M700Mag10RndPM": [
      [
        {
          "_tpl": "5449016a4bdc2d6f028b456f",
          "count": 5250
        }
      ]
    ],
    "Stanag30rndFDEW": [
      [
        {
          "_tpl": "5449016a4bdc2d6f028b456f",
          "count": 4500
        }
      ]
    ],
    "IFAKKit": [
      [
        {
          "_tpl": "5449016a4bdc2d6f028b456f",
          "count": 25000
        }
      ]
    ],
    "SKSTac": [
      [
        {
          "_tpl": "5449016a4bdc2d6f028b456f",
          "count": 225000
        }
      ]
    ],
    "LBTMASGrey": [
      [
        {
          "_tpl": "5449016a4bdc2d6f028b456f",
          "count": 57500
        }
      ]
    ],
    "BlueFuel": [
      [
        {
          "_tpl": "5449016a4bdc2d6f028b456f",
          "count": 85000
        }
      ]
    ],
    "GrizzlyKit": [
      [
        {
          "_tpl": "5449016a4bdc2d6f028b456f",
          "count": 50000
        }
      ]
    ],
    "GreyFuel": [
      [
        {
          "_tpl": "5449016a4bdc2d6f028b456f",
          "count": 135000
        }
      ]
    ],
    "NPPKiassCondor": [
      [
        {
          "_tpl": "5449016a4bdc2d6f028b456f",
          "count": 14500
        }
      ]
    ],
    "Water06L": [
      [
        {
          "_tpl": "5449016a4bdc2d6f028b456f",
          "count": 10000
        }
      ]
    ],
    "Iskra": [
      [
        {
          "_tpl": "5449016a4bdc2d6f028b456f",
          "count": 20000
        }
      ]
    ],
    "Vaseline": [
      [
        {
          "_tpl": "5449016a4bdc2d6f028b456f",
          "count": 40000
        }
      ]
    ],
    "CalokB": [
      [
        {
          "_tpl": "5449016a4bdc2d6f028b456f",
          "count": 11500
        }
      ]
    ],
    "CMSSurgicalKit": [
      [
        {
          "_tpl": "5449016a4bdc2d6f028b456f",
          "count": 42500
        }
      ]
    ],
    "ArmyBandage2pcs": [
      [
        {
          "_tpl": "5449016a4bdc2d6f028b456f",
          "count": 2000
        }
      ]
    ],
    "762x39fmj": [
      [
        {
          "_tpl": "5449016a4bdc2d6f028b456f",
          "count": 130
        }
      ]
    ]
    
  },
  "loyal_level_items": {
    "762x39psghz": 1,
    "MP5Tac": 1,
    "PP19Vityaz": 1,
    "AdarPistolLong": 1,
    "MP9Tan": 1,
    "AdarPistolSmall": 1,
    "SKSwitdatPSO": 1,
    "6B13FlorosEdition": 1,
    "BerkutBP": 1,
    "DAThunderboltRIg": 1,
    "GearcraftAtacsfgrig": 1,
    "HighcomTrooperUSEC": 1,
    "LShZHelmet": 1,
    "RazorHeadset": 1,
    "MP530rndMag": 1,
    "Vityaz30RndMag": 1,
    "762x39fmj": 1,
    "Pst": 1,
    "Vaseline": 1,
    "BlueFuel": 1,
    "CalokB": 1,
    "CMSSurgicalKit": 1,
    "8mmBuckshot": 1,
    "AluminiumSplint": 1,
    "ArmyBandage2pcs": 1,
    "RatnikB47": 1,
    "SOSTMK318": 1,
    "Stanag30rndBlk": 1,
    "Stanag30rndFDEW": 1,
    "MOMEXBalaclava": 1,
    "MP930rnd": 1,
    "IFAKKit": 1,
    "M855": 1,
    "Iskra": 1,
    "Water06L": 1,
    "AnalginPainKillas": 1,
    "SVD_Pso": 2,
    "SVDS10rndMag": 2,
    "NFMThorArmor": 2,
    "TacticalSports": 2,
    "SordinHeadset": 2,
    "CryeAVSRangerGreen": 2,
    "AKS74NTac": 2,
    "MP_153SetUp": 2,
    "GreyFuel": 2,
    "AK7430rndPmag": 2,
    "SKS20RndMag": 2,
    "SR2MFSB": 2,
    "TV110ArmoredRig": 2,
    "NPPKiassCondor": 2,
    "ANAAlpha0Chest": 2,
    "SKSTac": 2,
    "MPPVChestRig": 2,
    "SalewaKit": 2,
    "AFAKkit": 2,
    "PropitalInj": 2,
    "SURVIVAL12Kit": 2,
    "ZagustinHemostatInj": 2,
    "LBTMASGrey": 2,
    "GrizzlyKit": 2,
    "M700Mag10RndPM": 2,
    "762x51FMJ": 2,
    "545x39PPgs": 2,
    "9x21GPS": 2,
    "762x54Fmj": 2,
    "SR2M30RndMag": 2,
    "M700SBIH": 2
  }
}