{
  "_id": "Geeker",
  "working": true,
  "availableInRaid": false,
  "items_buy": {
    "category": [
      "57864c8c245977548867e7f1",
      "5671435f4bdc2d96058b4569",
      "5795f317245977243854e041",
      "57864ada245977548638de91",
      "543be6564bdc2df4348b4568",
      "57bef4c42459772e8d35a53b",
      "57864a66245977548f04a81f",
      "5447e1d04bdc2dff2f8b4567",
      "57864ee62459775490116fc1",
      "5448e53e4bdc2d60728b4567",
      "57864bb7245977548b3b66c2",
      "5447b6194bdc2d67278b4567",
      "5448e5284bdc2dcb718b4567",
      "5448eb774bdc2d0a728b4567",
      "543be6674bdc2df1348b4569",
      "5447b6094bdc2dc3278b4567",
      "5448fe124bdc2da5018b4567",
      "5447e0e74bdc2d3c308b4567",
      "57864e4c24597754843f8723",
      "543be5e94bdc2df1348b4568",
      "5448f3a64bdc2d60728b456a",
      "543be5f84bdc2dd4348b456a",
      "57864a3d24597754843f8721",
      "543be5664bdc2dd4348b4569",
      "5448ecbe4bdc2d60728b4568",
      "567849dd4bdc2d150f8b456e",
      "5447b6254bdc2dc3278b4568",
      "5485a8684bdc2da71d8b4567",
      "5448e54d4bdc2dcc718b4568",
      "5422acb9af1c889c16000029"
    ],
    "id_list": []
  },
  "items_buy_prohibited": {},
  "customization_seller": false,
  "name": "Max",
  "surname": "",
  "nickname": "Geeker",
  "location": "Apartment 80, 8th floor, Concordia E3, Razvedchikov St. 7, Streets of Tarkov",
  "avatar": "/files/trader/avatar/Cat.jpg",
  "balance_rub": 6750465,
  "balance_dol": 26210,
  "balance_eur": 17530,
  "unlockedByDefault": true,
  "discount": 0,
  "discount_end": 0,
  "buyer_up": true,
  "currency": "RUB",
  "nextResupply": 1615141448,
  "repair": {
    "availability": false,
    "quality": "0",
    "excluded_id_list": [],
    "excluded_category": [],
    "currency": "5449016a4bdc2d6f028b456f",
    "currency_coefficient": 1,
    "price_rate": 1.5
  },
  "insurance": {
    "availability": false,
    "min_payment": 0,
    "min_return_hour": 0,
    "max_return_hour": 1,
    "max_storage_time": 144,
    "excluded_category": []
  },
  "gridHeight": 300,
  "loyaltyLevels": [
    {
      "minLevel": 1,
      "minSalesSum": 0,
      "minStanding": 0,
      "buy_price_coef": 50,
      "repair_price_coef": 150,
      "insurance_price_coef": 10,
      "exchange_price_coef": 0,
      "heal_price_coef": 0
    },
    {
      "minLevel": 24,
      "minSalesSum": 1500000,
      "minStanding": 0,
      "buy_price_coef": 50,
      "repair_price_coef": 170,
      "insurance_price_coef": 13,
      "exchange_price_coef": 0,
      "heal_price_coef": 0
    }
  ],
  "sell_category": [
    "82e7fac0b7495d72d4083356",
    "ac705d3440c1407645e33579",
    "dc97aee367144dc03389405d",
    "7ffcc96aa06c7e90940330c5",
    "e8f46e3ad74b9d862121f9dc",
    "5b47574386f77428ca22b33e",
    "5b47574386f77428ca22b33f",
    "5b5f78dc86f77409407a7f8e",
    "5b47574386f77428ca22b346",
    "5b47574386f77428ca22b340",
    "5b47574386f77428ca22b344",
    "5b47574386f77428ca22b342",
    "5b47574386f77428ca22b341",
    "5b47574386f77428ca22b345",
    "5b47574386f77428ca22b343",
    "5b5f71b386f774093f2ecf11",
    "5b5f71c186f77409407a7ec0",
    "5b5f71de86f774093f2ecf13",
    "5b5f724186f77447ed5636ad",
    "5b5f736886f774094242f193",
    "5b5f73ec86f774093e6cb4fd",
    "5b5f74cc86f77447ec5d770a",
    "5b5f750686f774093e6cb503",
    "5b5f751486f77447ec5d770c",
    "5b5f752e86f774093e6cb505",
    "5b5f754a86f774094242f19b",
    "5b5f755f86f77447ec5d770e",
    "5b5f757486f774093e6cb507",
    "5b5f75b986f77447ec5d7710",
    "5b5f75c686f774094242f19f",
    "5b5f75e486f77447ec5d7712",
    "5b5f760586f774093e6cb509",
    "5b5f761f86f774094242f1a1",
    "5b5f764186f77447ec5d7714"
  ]
}